{
    "items":  [
                  {
                      "joint":  "None",
                      "pose":  {
                                   "position":  {
                                                    "x":  -0.06115446984767914,
                                                    "y":  -0.09662134945392609,
                                                    "z":  -0.2845369577407837
                                                },
                                   "rotation":  {
                                                    "x":  0.0,
                                                    "y":  0.0,
                                                    "z":  0.0,
                                                    "w":  0.0
                                                }
                               }
                  },
                  {
                      "joint":  "Wrist",
                      "pose":  {
                                   "position":  {
                                                    "x":  0.09835253655910492,
                                                    "y":  -0.13776640594005586,
                                                    "z":  -0.039533719420433047
                                                },
                                   "rotation":  {
                                                    "x":  -0.5504903793334961,
                                                    "y":  -0.3628506064414978,
                                                    "z":  0.009051494300365448,
                                                    "w":  0.7516400218009949
                                                }
                               }
                  },
                  {
                      "joint":  "Palm",
                      "pose":  {
                                   "position":  {
                                                    "x":  0.0762285590171814,
                                                    "y":  -0.0935618057847023,
                                                    "z":  -0.03025330975651741
                                                },
                                   "rotation":  {
                                                    "x":  -0.5504903793334961,
                                                    "y":  -0.3628506064414978,
                                                    "z":  0.009051494300365448,
                                                    "w":  0.7516400218009949
                                                }
                               }
                  },
                  {
                      "joint":  "ThumbMetacarpalJoint",
                      "pose":  {
                                   "position":  {
                                                    "x":  0.0726172998547554,
                                                    "y":  -0.13283079862594605,
                                                    "z":  -0.03489827364683151
                                                },
                                   "rotation":  {
                                                    "x":  0.5268919467926025,
                                                    "y":  0.07137523591518402,
                                                    "z":  -0.7376347184181213,
                                                    "w":  -0.4172084629535675
                                                }
                               }
                  },
                  {
                      "joint":  "ThumbProximalJoint",
                      "pose":  {
                                   "position":  {
                                                    "x":  0.033425573259592059,
                                                    "y":  -0.11720558255910874,
                                                    "z":  -0.01445704698562622
                                                },
                                   "rotation":  {
                                                    "x":  0.434413880109787,
                                                    "y":  -0.0821000337600708,
                                                    "z":  -0.7344200611114502,
                                                    "w":  -0.5157689452171326
                                                }
                               }
                  },
                  {
                      "joint":  "ThumbDistalJoint",
                      "pose":  {
                                   "position":  {
                                                    "x":  0.014360085129737854,
                                                    "y":  -0.09762166440486908,
                                                    "z":  0.006609674543142319
                                                },
                                   "rotation":  {
                                                    "x":  0.4773363769054413,
                                                    "y":  0.019135713577270509,
                                                    "z":  -0.7483649849891663,
                                                    "w":  -0.4610738456249237
                                                }
                               }
                  },
                  {
                      "joint":  "ThumbTip",
                      "pose":  {
                                   "position":  {
                                                    "x":  -0.00011064158752560616,
                                                    "y":  -0.08949866145849228,
                                                    "z":  0.017393887042999269
                                                },
                                   "rotation":  {
                                                    "x":  0.4773363769054413,
                                                    "y":  0.019135713577270509,
                                                    "z":  -0.7483649849891663,
                                                    "w":  -0.4610738456249237
                                                }
                               }
                  },
                  {
                      "joint":  "IndexMetacarpal",
                      "pose":  {
                                   "position":  {
                                                    "x":  0.08073623478412628,
                                                    "y":  -0.125896617770195,
                                                    "z":  -0.034658633172512057
                                                },
                                   "rotation":  {
                                                    "x":  -0.5162340998649597,
                                                    "y":  -0.5017301440238953,
                                                    "z":  0.006298713386058807,
                                                    "w":  0.6940672993659973
                                                }
                               }
                  },
                  {
                      "joint":  "IndexKnuckle",
                      "pose":  {
                                   "position":  {
                                                    "x":  0.03474228084087372,
                                                    "y":  -0.0794244259595871,
                                                    "z":  -0.03704426437616348
                                                },
                                   "rotation":  {
                                                    "x":  0.24844542145729066,
                                                    "y":  0.2553045451641083,
                                                    "z":  -0.1957876831293106,
                                                    "w":  -0.9136616587638855
                                                }
                               }
                  },
                  {
                      "joint":  "IndexMiddleJoint",
                      "pose":  {
                                   "position":  {
                                                    "x":  0.011708781123161316,
                                                    "y":  -0.06496208906173706,
                                                    "z":  -0.006560325622558594
                                                },
                                   "rotation":  {
                                                    "x":  -0.07294681668281555,
                                                    "y":  0.11601599305868149,
                                                    "z":  -0.3479400873184204,
                                                    "w":  -0.9274918437004089
                                                }
                               }
                  },
                  {
                      "joint":  "IndexDistalJoint",
                      "pose":  {
                                   "position":  {
                                                    "x":  0.007551820017397404,
                                                    "y":  -0.07041776180267334,
                                                    "z":  0.017747312784194948
                                                },
                                   "rotation":  {
                                                    "x":  -0.23120707273483277,
                                                    "y":  0.04230353981256485,
                                                    "z":  -0.283862441778183,
                                                    "w":  -0.9298091530799866
                                                }
                               }
                  },
                  {
                      "joint":  "IndexTip",
                      "pose":  {
                                   "position":  {
                                                    "x":  0.008366326801478863,
                                                    "y":  -0.07753925025463104,
                                                    "z":  0.03171003982424736
                                                },
                                   "rotation":  {
                                                    "x":  -0.23120707273483277,
                                                    "y":  0.04230353981256485,
                                                    "z":  -0.283862441778183,
                                                    "w":  -0.9298091530799866
                                                }
                               }
                  },
                  {
                      "joint":  "MiddleMetacarpal",
                      "pose":  {
                                   "position":  {
                                                    "x":  0.08751480281352997,
                                                    "y":  -0.12250128388404846,
                                                    "z":  -0.03293202817440033
                                                },
                                   "rotation":  {
                                                    "x":  -0.6167790293693543,
                                                    "y":  -0.3379325270652771,
                                                    "z":  0.047245174646377566,
                                                    "w":  0.7093328237533569
                                                }
                               }
                  },
                  {
                      "joint":  "MiddleKnuckle",
                      "pose":  {
                                   "position":  {
                                                    "x":  0.05473826080560684,
                                                    "y":  -0.07110955566167832,
                                                    "z":  -0.03227551281452179
                                                },
                                   "rotation":  {
                                                    "x":  0.14497825503349305,
                                                    "y":  0.23276910185813905,
                                                    "z":  -0.15017877519130708,
                                                    "w":  -0.9498769640922546
                                                }
                               }
                  },
                  {
                      "joint":  "MiddleMiddleJoint",
                      "pose":  {
                                   "position":  {
                                                    "x":  0.03288401663303375,
                                                    "y":  -0.061863791197538379,
                                                    "z":  0.005947750061750412
                                                },
                                   "rotation":  {
                                                    "x":  -0.529046893119812,
                                                    "y":  0.08228799700737,
                                                    "z":  -0.27945762872695925,
                                                    "w":  -0.7971096038818359
                                                }
                               }
                  },
                  {
                      "joint":  "MiddleDistalJoint",
                      "pose":  {
                                   "position":  {
                                                    "x":  0.03765859827399254,
                                                    "y":  -0.08771546185016632,
                                                    "z":  0.018359089270234109
                                                },
                                   "rotation":  {
                                                    "x":  -0.7883356809616089,
                                                    "y":  -0.06667964905500412,
                                                    "z":  -0.20251651108264924,
                                                    "w":  -0.5779290795326233
                                                }
                               }
                  },
                  {
                      "joint":  "MiddleTip",
                      "pose":  {
                                   "position":  {
                                                    "x":  0.044593729078769687,
                                                    "y":  -0.10324498265981674,
                                                    "z":  0.013978719711303711
                                                },
                                   "rotation":  {
                                                    "x":  -0.7883356809616089,
                                                    "y":  -0.06667964905500412,
                                                    "z":  -0.20251651108264924,
                                                    "w":  -0.5779290795326233
                                                }
                               }
                  },
                  {
                      "joint":  "RingMetacarpal",
                      "pose":  {
                                   "position":  {
                                                    "x":  0.09642073512077332,
                                                    "y":  -0.11764736473560333,
                                                    "z":  -0.03004951775074005
                                                },
                                   "rotation":  {
                                                    "x":  -0.6103544235229492,
                                                    "y":  -0.2158902883529663,
                                                    "z":  0.09254944324493408,
                                                    "w":  0.756500780582428
                                                }
                               }
                  },
                  {
                      "joint":  "RingKnuckle",
                      "pose":  {
                                   "position":  {
                                                    "x":  0.07221101969480515,
                                                    "y":  -0.06899281591176987,
                                                    "z":  -0.021143771708011628
                                                },
                                   "rotation":  {
                                                    "x":  0.05531589314341545,
                                                    "y":  0.22126297652721406,
                                                    "z":  -0.10504759848117829,
                                                    "w":  -0.9679690599441528
                                                }
                               }
                  },
                  {
                      "joint":  "RingMiddleJoint",
                      "pose":  {
                                   "position":  {
                                                    "x":  0.05479241907596588,
                                                    "y":  -0.06659357994794846,
                                                    "z":  0.014326661825180054
                                                },
                                   "rotation":  {
                                                    "x":  -0.7176058888435364,
                                                    "y":  0.09858439117670059,
                                                    "z":  -0.19834160804748536,
                                                    "w":  -0.6603801846504211
                                                }
                               }
                  },
                  {
                      "joint":  "RingDistalJoint",
                      "pose":  {
                                   "position":  {
                                                    "x":  0.05848679319024086,
                                                    "y":  -0.09022481739521027,
                                                    "z":  0.013152096420526505
                                                },
                                   "rotation":  {
                                                    "x":  -0.902705729007721,
                                                    "y":  -0.04138700291514397,
                                                    "z":  -0.16108426451683045,
                                                    "w":  -0.39749816060066225
                                                }
                               }
                  },
                  {
                      "joint":  "RingTip",
                      "pose":  {
                                   "position":  {
                                                    "x":  0.0647393986582756,
                                                    "y":  -0.10384124517440796,
                                                    "z":  0.000916551798582077
                                                },
                                   "rotation":  {
                                                    "x":  -0.902705729007721,
                                                    "y":  -0.04138700291514397,
                                                    "z":  -0.16108426451683045,
                                                    "w":  -0.39749816060066225
                                                }
                               }
                  },
                  {
                      "joint":  "PinkyMetacarpal",
                      "pose":  {
                                   "position":  {
                                                    "x":  0.10431554913520813,
                                                    "y":  -0.11550788581371308,
                                                    "z":  -0.02525215595960617
                                                },
                                   "rotation":  {
                                                    "x":  -0.5731514096260071,
                                                    "y":  -0.08393544703722,
                                                    "z":  0.14239011704921723,
                                                    "w":  0.8026066422462463
                                                }
                               }
                  },
                  {
                      "joint":  "PinkyKnuckle",
                      "pose":  {
                                   "position":  {
                                                    "x":  0.08813987672328949,
                                                    "y":  -0.06685832887887955,
                                                    "z":  -0.0073963552713394169
                                                },
                                   "rotation":  {
                                                    "x":  0.004650826565921307,
                                                    "y":  0.2523718476295471,
                                                    "z":  -0.022669829428195955,
                                                    "w":  -0.967362105846405
                                                }
                               }
                  },
                  {
                      "joint":  "PinkyMiddleJoint",
                      "pose":  {
                                   "position":  {
                                                    "x":  0.07569940388202667,
                                                    "y":  -0.066920705139637,
                                                    "z":  0.014825716614723206
                                                },
                                   "rotation":  {
                                                    "x":  -0.6876563429832459,
                                                    "y":  0.1765523999929428,
                                                    "z":  -0.14831064641475678,
                                                    "w":  -0.6885376572608948
                                                }
                               }
                  },
                  {
                      "joint":  "PinkyDistalJoint",
                      "pose":  {
                                   "position":  {
                                                    "x":  0.0749262273311615,
                                                    "y":  -0.08663906902074814,
                                                    "z":  0.014672402292490006
                                                },
                                   "rotation":  {
                                                    "x":  -0.927348792552948,
                                                    "y":  0.0344926156103611,
                                                    "z":  -0.02340996265411377,
                                                    "w":  -0.37271565198898318
                                                }
                               }
                  },
                  {
                      "joint":  "PinkyTip",
                      "pose":  {
                                   "position":  {
                                                    "x":  0.07520446181297302,
                                                    "y":  -0.09743660688400269,
                                                    "z":  0.0034288540482521059
                                                },
                                   "rotation":  {
                                                    "x":  -0.927348792552948,
                                                    "y":  0.0344926156103611,
                                                    "z":  -0.02340996265411377,
                                                    "w":  -0.37271565198898318
                                                }
                               }
                  }
              ]
}
