{
    "items":  [
                  {
                      "joint":  "None",
                      "pose":  {
                                   "position":  {
                                                    "x":  -0.0002162586897611618,
                                                    "y":  -0.07638707756996155,
                                                    "z":  -0.5826087594032288
                                                },
                                   "rotation":  {
                                                    "x":  0.0,
                                                    "y":  0.0,
                                                    "z":  0.0,
                                                    "w":  0.0
                                                }
                               }
                  },
                  {
                      "joint":  "Wrist",
                      "pose":  {
                                   "position":  {
                                                    "x":  0.042526353150606158,
                                                    "y":  -0.05274807661771774,
                                                    "z":  -0.002824799157679081
                                                },
                                   "rotation":  {
                                                    "x":  -0.3676998019218445,
                                                    "y":  -0.23572500050067902,
                                                    "z":  -0.11507342755794525,
                                                    "w":  0.8920522332191467
                                                }
                               }
                  },
                  {
                      "joint":  "Palm",
                      "pose":  {
                                   "position":  {
                                                    "x":  0.03201436251401901,
                                                    "y":  -0.019188636913895608,
                                                    "z":  0.02868746407330036
                                                },
                                   "rotation":  {
                                                    "x":  -0.3676998019218445,
                                                    "y":  -0.23572500050067902,
                                                    "z":  -0.11507342755794525,
                                                    "w":  0.8920522332191467
                                                }
                               }
                  },
                  {
                      "joint":  "ThumbMetacarpalJoint",
                      "pose":  {
                                   "position":  {
                                                    "x":  0.020570117980241777,
                                                    "y":  -0.04709470272064209,
                                                    "z":  0.006985310930758715
                                                },
                                   "rotation":  {
                                                    "x":  0.3615202307701111,
                                                    "y":  0.20331884920597077,
                                                    "z":  -0.6839582324028015,
                                                    "w":  -0.6008830666542053
                                                }
                               }
                  },
                  {
                      "joint":  "ThumbProximalJoint",
                      "pose":  {
                                   "position":  {
                                                    "x":  -0.009850621223449707,
                                                    "y":  -0.04070408642292023,
                                                    "z":  0.034042149782180789
                                                },
                                   "rotation":  {
                                                    "x":  0.21800242364406587,
                                                    "y":  0.02305757999420166,
                                                    "z":  -0.7068297266960144,
                                                    "w":  -0.673233151435852
                                                }
                               }
                  },
                  {
                      "joint":  "ThumbDistalJoint",
                      "pose":  {
                                   "position":  {
                                                    "x":  -0.02049688994884491,
                                                    "y":  -0.03254491835832596,
                                                    "z":  0.06248035654425621
                                                },
                                   "rotation":  {
                                                    "x":  0.258157342672348,
                                                    "y":  0.0635419636964798,
                                                    "z":  -0.7039065957069397,
                                                    "w":  -0.6593562960624695
                                                }
                               }
                  },
                  {
                      "joint":  "ThumbTip",
                      "pose":  {
                                   "position":  {
                                                    "x":  -0.028410332277417184,
                                                    "y":  -0.028122693300247194,
                                                    "z":  0.07770571112632752
                                                },
                                   "rotation":  {
                                                    "x":  0.258157342672348,
                                                    "y":  0.0635419636964798,
                                                    "z":  -0.7039065957069397,
                                                    "w":  -0.6593562960624695
                                                }
                               }
                  },
                  {
                      "joint":  "IndexMetacarpal",
                      "pose":  {
                                   "position":  {
                                                    "x":  0.029027197510004045,
                                                    "y":  -0.042809583246707919,
                                                    "z":  0.009094133973121643
                                                },
                                   "rotation":  {
                                                    "x":  -0.3631853759288788,
                                                    "y":  -0.3677399158477783,
                                                    "z":  -0.1473514586687088,
                                                    "w":  0.8432979583740234
                                                }
                               }
                  },
                  {
                      "joint":  "IndexKnuckle",
                      "pose":  {
                                   "position":  {
                                                    "x":  -0.0017803632654249669,
                                                    "y":  0.0004678480327129364,
                                                    "z":  0.03705211728811264
                                                },
                                   "rotation":  {
                                                    "x":  -0.27657586336135867,
                                                    "y":  -0.15855258703231812,
                                                    "z":  0.0009860674617812038,
                                                    "w":  0.947831392288208
                                                }
                               }
                  },
                  {
                      "joint":  "IndexMiddleJoint",
                      "pose":  {
                                   "position":  {
                                                    "x":  -0.014122002758085728,
                                                    "y":  0.021943308413028718,
                                                    "z":  0.06970683485269547
                                                },
                                   "rotation":  {
                                                    "x":  -0.2553846836090088,
                                                    "y":  -0.12617842853069306,
                                                    "z":  0.09538201987743378,
                                                    "w":  0.9538831114768982
                                                }
                               }
                  },
                  {
                      "joint":  "IndexDistalJoint",
                      "pose":  {
                                   "position":  {
                                                    "x":  -0.020550768822431566,
                                                    "y":  0.0322258397936821,
                                                    "z":  0.08830686658620835
                                                },
                                   "rotation":  {
                                                    "x":  -0.30963119864463808,
                                                    "y":  -0.11118883639574051,
                                                    "z":  -0.031351685523986819,
                                                    "w":  0.9441277980804443
                                                }
                               }
                  },
                  {
                      "joint":  "IndexTip",
                      "pose":  {
                                   "position":  {
                                                    "x":  -0.02332291379570961,
                                                    "y":  0.04081675410270691,
                                                    "z":  0.09968645870685578
                                                },
                                   "rotation":  {
                                                    "x":  -0.30963119864463808,
                                                    "y":  -0.11118883639574051,
                                                    "z":  -0.031351685523986819,
                                                    "w":  0.9441277980804443
                                                }
                               }
                  },
                  {
                      "joint":  "MiddleMetacarpal",
                      "pose":  {
                                   "position":  {
                                                    "x":  0.035866666585206988,
                                                    "y":  -0.041708216071128848,
                                                    "z":  0.010740639641880989
                                                },
                                   "rotation":  {
                                                    "x":  -0.43399062752723696,
                                                    "y":  -0.2068476676940918,
                                                    "z":  -0.05406999588012695,
                                                    "w":  0.8751816153526306
                                                }
                               }
                  },
                  {
                      "joint":  "MiddleKnuckle",
                      "pose":  {
                                   "position":  {
                                                    "x":  0.018060242757201196,
                                                    "y":  0.002479703165590763,
                                                    "z":  0.04112553596496582
                                                },
                                   "rotation":  {
                                                    "x":  0.005038086324930191,
                                                    "y":  0.1527022123336792,
                                                    "z":  0.021530797705054284,
                                                    "w":  -0.9880359768867493
                                                }
                               }
                  },
                  {
                      "joint":  "MiddleMiddleJoint",
                      "pose":  {
                                   "position":  {
                                                    "x":  0.005449346732348204,
                                                    "y":  0.0031707696616649629,
                                                    "z":  0.08099328726530075
                                                },
                                   "rotation":  {
                                                    "x":  -0.49786925315856936,
                                                    "y":  0.13922974467277528,
                                                    "z":  -0.07507844269275665,
                                                    "w":  -0.8527824878692627
                                                }
                               }
                  },
                  {
                      "joint":  "MiddleDistalJoint",
                      "pose":  {
                                   "position":  {
                                                    "x":  0.0013555703917518259,
                                                    "y":  -0.01869615726172924,
                                                    "z":  0.09269960224628449
                                                },
                                   "rotation":  {
                                                    "x":  -0.7163864970207214,
                                                    "y":  0.07041004300117493,
                                                    "z":  -0.030646607279777528,
                                                    "w":  -0.6939578652381897
                                                }
                               }
                  },
                  {
                      "joint":  "MiddleTip",
                      "pose":  {
                                   "position":  {
                                                    "x":  0.0004728742642328143,
                                                    "y":  -0.03479576110839844,
                                                    "z":  0.09213778376579285
                                                },
                                   "rotation":  {
                                                    "x":  -0.7163864970207214,
                                                    "y":  0.07041004300117493,
                                                    "z":  -0.030646607279777528,
                                                    "w":  -0.6939578652381897
                                                }
                               }
                  },
                  {
                      "joint":  "RingMetacarpal",
                      "pose":  {
                                   "position":  {
                                                    "x":  0.044932689517736438,
                                                    "y":  -0.04016602039337158,
                                                    "z":  0.013597620651125908
                                                },
                                   "rotation":  {
                                                    "x":  -0.3939853310585022,
                                                    "y":  -0.10114617645740509,
                                                    "z":  0.016117071732878686,
                                                    "w":  0.9133923053741455
                                                }
                               }
                  },
                  {
                      "joint":  "RingKnuckle",
                      "pose":  {
                                   "position":  {
                                                    "x":  0.03491469845175743,
                                                    "y":  -0.003818823955953121,
                                                    "z":  0.047541361302137378
                                                },
                                   "rotation":  {
                                                    "x":  -0.11738020181655884,
                                                    "y":  0.15373656153678895,
                                                    "z":  0.05639626830816269,
                                                    "w":  -0.9795019030570984
                                                }
                               }
                  },
                  {
                      "joint":  "RingMiddleJoint",
                      "pose":  {
                                   "position":  {
                                                    "x":  0.023768775165081025,
                                                    "y":  -0.01135534793138504,
                                                    "z":  0.08033758401870728
                                                },
                                   "rotation":  {
                                                    "x":  -0.7923092842102051,
                                                    "y":  0.16401034593582154,
                                                    "z":  -0.02978098951280117,
                                                    "w":  -0.5869977474212647
                                                }
                               }
                  },
                  {
                      "joint":  "RingDistalJoint",
                      "pose":  {
                                   "position":  {
                                                    "x":  0.02067880891263485,
                                                    "y":  -0.031320542097091678,
                                                    "z":  0.0737735852599144
                                                },
                                   "rotation":  {
                                                    "x":  -0.9346709847450256,
                                                    "y":  0.0874316394329071,
                                                    "z":  -0.023773543536663057,
                                                    "w":  -0.344605952501297
                                                }
                               }
                  },
                  {
                      "joint":  "RingTip",
                      "pose":  {
                                   "position":  {
                                                    "x":  0.020386409014463426,
                                                    "y":  -0.04289411008358002,
                                                    "z":  0.06018315628170967
                                                },
                                   "rotation":  {
                                                    "x":  -0.9346709847450256,
                                                    "y":  0.0874316394329071,
                                                    "z":  -0.023773543536663057,
                                                    "w":  -0.344605952501297
                                                }
                               }
                  },
                  {
                      "joint":  "PinkyMetacarpal",
                      "pose":  {
                                   "position":  {
                                                    "x":  0.05288681760430336,
                                                    "y":  -0.041848354041576388,
                                                    "z":  0.01654883660376072
                                                },
                                   "rotation":  {
                                                    "x":  -0.33144858479499819,
                                                    "y":  0.002071807160973549,
                                                    "z":  0.085218146443367,
                                                    "w":  0.9396145343780518
                                                }
                               }
                  },
                  {
                      "joint":  "PinkyKnuckle",
                      "pose":  {
                                   "position":  {
                                                    "x":  0.050300415605306628,
                                                    "y":  -0.011202438734471798,
                                                    "z":  0.054917603731155398
                                                },
                                   "rotation":  {
                                                    "x":  -0.16419324278831483,
                                                    "y":  0.1696346402168274,
                                                    "z":  0.12252454459667206,
                                                    "w":  -0.9639865159988403
                                                }
                               }
                  },
                  {
                      "joint":  "PinkyMiddleJoint",
                      "pose":  {
                                   "position":  {
                                                    "x":  0.04166591167449951,
                                                    "y":  -0.017666997388005258,
                                                    "z":  0.07580538094043732
                                                },
                                   "rotation":  {
                                                    "x":  -0.7474591135978699,
                                                    "y":  0.20672142505645753,
                                                    "z":  0.04626481607556343,
                                                    "w":  -0.6297129392623901
                                                }
                               }
                  },
                  {
                      "joint":  "PinkyDistalJoint",
                      "pose":  {
                                   "position":  {
                                                    "x":  0.03587989881634712,
                                                    "y":  -0.03386271744966507,
                                                    "z":  0.0722469910979271
                                                },
                                   "rotation":  {
                                                    "x":  -0.928327202796936,
                                                    "y":  0.13445810973644257,
                                                    "z":  0.1272566169500351,
                                                    "w":  -0.3232197165489197
                                                }
                               }
                  },
                  {
                      "joint":  "PinkyTip",
                      "pose":  {
                                   "position":  {
                                                    "x":  0.03135494887828827,
                                                    "y":  -0.04178089275956154,
                                                    "z":  0.06164591759443283
                                                },
                                   "rotation":  {
                                                    "x":  -0.928327202796936,
                                                    "y":  0.13445810973644257,
                                                    "z":  0.1272566169500351,
                                                    "w":  -0.3232197165489197
                                                }
                               }
                  }
              ]
}
