{
    "items":  [
                  {
                      "joint":  "None",
                      "pose":  {
                                   "position":  {
                                                    "x":  -0.0681008753599599,
                                                    "y":  -0.023189845320302993,
                                                    "z":  -0.32335868163499981
                                                },
                                   "rotation":  {
                                                    "x":  0,
                                                    "y":  0,
                                                    "z":  0,
                                                    "w":  0
                                                }
                               }
                  },
                  {
                      "joint":  "Wrist",
                      "pose":  {
                                   "position":  {
                                                    "x":  0.083900304394774139,
                                                    "y":  -0.087249765929300338,
                                                    "z":  -0.050604623393155634
                                                },
                                   "rotation":  {
                                                    "x":  -0.53067469596862793,
                                                    "y":  -0.24036270380020142,
                                                    "z":  -0.0010364949703216553,
                                                    "w":  0.81267738342285156
                                                }
                               }
                  },
                  {
                      "joint":  "Palm",
                      "pose":  {
                                   "position":  {
                                                    "x":  0.071408500778488815,
                                                    "y":  -0.045779893931467086,
                                                    "z":  -0.034272220567800105
                                                },
                                   "rotation":  {
                                                    "x":  -0.53067469596862793,
                                                    "y":  -0.24036270380020142,
                                                    "z":  -0.0010364949703216553,
                                                    "w":  0.81267738342285156
                                                }
                               }
                  },
                  {
                      "joint":  "ThumbMetacarpalJoint",
                      "pose":  {
                                   "position":  {
                                                    "x":  0.059964598971419036,
                                                    "y":  -0.080086136993486434,
                                                    "z":  -0.040898241684772074
                                                },
                                   "rotation":  {
                                                    "x":  -0.5606539249420166,
                                                    "y":  -0.098196841776371,
                                                    "z":  0.670694887638092,
                                                    "w":  0.47619414329528809
                                                }
                               }
                  },
                  {
                      "joint":  "ThumbProximalJoint",
                      "pose":  {
                                   "position":  {
                                                    "x":  0.024715005303733051,
                                                    "y":  -0.063306781288702041,
                                                    "z":  -0.026187368319369853
                                                },
                                   "rotation":  {
                                                    "x":  -0.5155644416809082,
                                                    "y":  -0.0010041594505310059,
                                                    "z":  0.66199594736099243,
                                                    "w":  0.54453784227371216
                                                }
                               }
                  },
                  {
                      "joint":  "ThumbDistalJoint",
                      "pose":  {
                                   "position":  {
                                                    "x":  0.0037162675289437175,
                                                    "y":  -0.046092944976408035,
                                                    "z":  -0.011772743077017367
                                                },
                                   "rotation":  {
                                                    "x":  -0.54901701211929321,
                                                    "y":  -0.083434708416461945,
                                                    "z":  0.67281347513198853,
                                                    "w":  0.48939600586891174
                                                }
                               }
                  },
                  {
                      "joint":  "ThumbTip",
                      "pose":  {
                                   "position":  {
                                                    "x":  -0.011031027999706566,
                                                    "y":  -0.038446779188234359,
                                                    "z":  -0.0048686085501685739
                                                },
                                   "rotation":  {
                                                    "x":  -0.54901701211929321,
                                                    "y":  -0.083434708416461945,
                                                    "z":  0.67281347513198853,
                                                    "w":  0.48939600586891174
                                                }
                               }
                  },
                  {
                      "joint":  "IndexMetacarpal",
                      "pose":  {
                                   "position":  {
                                                    "x":  0.068815393256954849,
                                                    "y":  -0.074782254931051284,
                                                    "z":  -0.041599955991841853
                                                },
                                   "rotation":  {
                                                    "x":  -0.52426069974899292,
                                                    "y":  -0.3638727068901062,
                                                    "z":  0.00037233531475067139,
                                                    "w":  0.76990067958831787
                                                }
                               }
                  },
                  {
                      "joint":  "IndexKnuckle",
                      "pose":  {
                                   "position":  {
                                                    "x":  0.0358468386111781,
                                                    "y":  -0.027330848213750869,
                                                    "z":  -0.030692756758071482
                                                },
                                   "rotation":  {
                                                    "x":  -0.51531755924224854,
                                                    "y":  -0.13684964179992676,
                                                    "z":  0.0975230410695076,
                                                    "w":  0.840372622013092
                                                }
                               }
                  },
                  {
                      "joint":  "IndexMiddleJoint",
                      "pose":  {
                                   "position":  {
                                                    "x":  0.02204116981010884,
                                                    "y":  0.0077296804520301521,
                                                    "z":  -0.012671802775003016
                                                },
                                   "rotation":  {
                                                    "x":  -0.50836259126663208,
                                                    "y":  -0.086904048919677734,
                                                    "z":  0.17722404003143311,
                                                    "w":  0.8382880687713623
                                                }
                               }
                  },
                  {
                      "joint":  "IndexDistalJoint",
                      "pose":  {
                                   "position":  {
                                                    "x":  0.014715371071361005,
                                                    "y":  0.026189111347775906,
                                                    "z":  -0.0021521305898204446
                                                },
                                   "rotation":  {
                                                    "x":  -0.49860423803329468,
                                                    "y":  -0.10437075048685074,
                                                    "z":  0.07316453754901886,
                                                    "w":  0.85774844884872437
                                                }
                               }
                  },
                  {
                      "joint":  "IndexTip",
                      "pose":  {
                                   "position":  {
                                                    "x":  0.011031027999706566,
                                                    "y":  0.038446779188234359,
                                                    "z":  0.0048686085501685739
                                                },
                                   "rotation":  {
                                                    "x":  -0.49860423803329468,
                                                    "y":  -0.10437075048685074,
                                                    "z":  0.07316453754901886,
                                                    "w":  0.85774844884872437
                                                }
                               }
                  },
                  {
                      "joint":  "MiddleMetacarpal",
                      "pose":  {
                                   "position":  {
                                                    "x":  0.076195256668142974,
                                                    "y":  -0.07264688127906993,
                                                    "z":  -0.041560460464097559
                                                },
                                   "rotation":  {
                                                    "x":  -0.59805238246917725,
                                                    "y":  -0.19373856484889984,
                                                    "z":  0.061999037861824036,
                                                    "w":  0.77521258592605591
                                                }
                               }
                  },
                  {
                      "joint":  "MiddleKnuckle",
                      "pose":  {
                                   "position":  {
                                                    "x":  0.055720763164572418,
                                                    "y":  -0.023271466430742294,
                                                    "z":  -0.030102503136731684
                                                },
                                   "rotation":  {
                                                    "x":  0.077070519328117371,
                                                    "y":  0.094939872622489929,
                                                    "z":  -0.069679252803325653,
                                                    "w":  -0.99005615711212158
                                                }
                               }
                  },
                  {
                      "joint":  "MiddleMiddleJoint",
                      "pose":  {
                                   "position":  {
                                                    "x":  0.047521518426947296,
                                                    "y":  -0.017521480855066329,
                                                    "z":  0.0099180614342913032
                                                },
                                   "rotation":  {
                                                    "x":  -0.53644359111785889,
                                                    "y":  0.035090312361717224,
                                                    "z":  -0.1292860358953476,
                                                    "w":  -0.83331835269927979
                                                }
                               }
                  },
                  {
                      "joint":  "MiddleDistalJoint",
                      "pose":  {
                                   "position":  {
                                                    "x":  0.049561099964194,
                                                    "y":  -0.040532971557695419,
                                                    "z":  0.020680004148744047
                                                },
                                   "rotation":  {
                                                    "x":  -0.78986877202987671,
                                                    "y":  -0.053519021719694138,
                                                    "z":  -0.050689004361629486,
                                                    "w":  -0.6095116138458252
                                                }
                               }
                  },
                  {
                      "joint":  "MiddleTip",
                      "pose":  {
                                   "position":  {
                                                    "x":  0.051911352085880935,
                                                    "y":  -0.05612527095945552,
                                                    "z":  0.016590305953286588
                                                },
                                   "rotation":  {
                                                    "x":  -0.78986877202987671,
                                                    "y":  -0.053519021719694138,
                                                    "z":  -0.050689004361629486,
                                                    "w":  -0.6095116138458252
                                                }
                               }
                  },
                  {
                      "joint":  "RingMetacarpal",
                      "pose":  {
                                   "position":  {
                                                    "x":  0.085886040586046875,
                                                    "y":  -0.069404299196321517,
                                                    "z":  -0.040918995277024806
                                                },
                                   "rotation":  {
                                                    "x":  -0.56751000881195068,
                                                    "y":  -0.080191992223262787,
                                                    "z":  0.10617346316576004,
                                                    "w":  0.81254440546035767
                                                }
                               }
                  },
                  {
                      "joint":  "RingKnuckle",
                      "pose":  {
                                   "position":  {
                                                    "x":  0.073698634165339172,
                                                    "y":  -0.025420582678634673,
                                                    "z":  -0.024252940551377833
                                                },
                                   "rotation":  {
                                                    "x":  -0.039752580225467682,
                                                    "y":  0.095591984689235687,
                                                    "z":  -0.024301081895828247,
                                                    "w":  -0.99433755874633789
                                                }
                               }
                  },
                  {
                      "joint":  "RingMiddleJoint",
                      "pose":  {
                                   "position":  {
                                                    "x":  0.066912477719597518,
                                                    "y":  -0.02843858563574031,
                                                    "z":  0.011035257368348539
                                                },
                                   "rotation":  {
                                                    "x":  -0.75884842872619629,
                                                    "y":  0.0701710507273674,
                                                    "z":  -0.045488141477108,
                                                    "w":  -0.64596694707870483
                                                }
                               }
                  },
                  {
                      "joint":  "RingDistalJoint",
                      "pose":  {
                                   "position":  {
                                                    "x":  0.066450962680391967,
                                                    "y":  -0.049397612747270614,
                                                    "z":  0.0076107823988422751
                                                },
                                   "rotation":  {
                                                    "x":  -0.91296499967575073,
                                                    "y":  -0.0051798690110445023,
                                                    "z":  -0.0075602680444717407,
                                                    "w":  -0.408629447221756
                                                }
                               }
                  },
                  {
                      "joint":  "RingTip",
                      "pose":  {
                                   "position":  {
                                                    "x":  0.066765406983904541,
                                                    "y":  -0.062715361651498824,
                                                    "z":  -0.0042944444576278329
                                                },
                                   "rotation":  {
                                                    "x":  -0.91296499967575073,
                                                    "y":  -0.0051798690110445023,
                                                    "z":  -0.0075602680444717407,
                                                    "w":  -0.408629447221756
                                                }
                               }
                  },
                  {
                      "joint":  "PinkyMetacarpal",
                      "pose":  {
                                   "position":  {
                                                    "x":  0.094160931068472564,
                                                    "y":  -0.068957443174440414,
                                                    "z":  -0.038461294607259333
                                                },
                                   "rotation":  {
                                                    "x":  -0.50770407915115356,
                                                    "y":  0.040728926658630371,
                                                    "z":  0.15177793800830841,
                                                    "w":  0.84707796573638916
                                                }
                               }
                  },
                  {
                      "joint":  "PinkyKnuckle",
                      "pose":  {
                                   "position":  {
                                                    "x":  0.0901073234854266,
                                                    "y":  -0.027405167755205184,
                                                    "z":  -0.015546370879746974
                                                },
                                   "rotation":  {
                                                    "x":  -0.082991220057010651,
                                                    "y":  0.1249239444732666,
                                                    "z":  0.041553191840648651,
                                                    "w":  -0.98782354593276978
                                                }
                               }
                  },
                  {
                      "joint":  "PinkyMiddleJoint",
                      "pose":  {
                                   "position":  {
                                                    "x":  0.084039838868193328,
                                                    "y":  -0.031077812251169235,
                                                    "z":  0.0072923259576782584
                                                },
                                   "rotation":  {
                                                    "x":  -0.715654730796814,
                                                    "y":  0.1371033787727356,
                                                    "z":  0.001321159303188324,
                                                    "w":  -0.6849520206451416
                                                }
                               }
                  },
                  {
                      "joint":  "PinkyDistalJoint",
                      "pose":  {
                                   "position":  {
                                                    "x":  0.080680111306719482,
                                                    "y":  -0.048435876902658492,
                                                    "z":  0.0062009388348087668
                                                },
                                   "rotation":  {
                                                    "x":  -0.8999292254447937,
                                                    "y":  0.06855495274066925,
                                                    "z":  0.11455988883972168,
                                                    "w":  -0.41592133045196533
                                                }
                               }
                  },
                  {
                      "joint":  "PinkyTip",
                      "pose":  {
                                   "position":  {
                                                    "x":  0.0770126300631091,
                                                    "y":  -0.058652232226449996,
                                                    "z":  -0.0025606980780139565
                                                },
                                   "rotation":  {
                                                    "x":  -0.8999292254447937,
                                                    "y":  0.06855495274066925,
                                                    "z":  0.11455988883972168,
                                                    "w":  -0.41592133045196533
                                                }
                               }
                  }
              ]
}
