{
    "items":  [
                  {
                      "joint":  "None",
                      "pose":  {
                                   "position":  {
                                                    "x":  -0.0470723882317543,
                                                    "y":  -0.18403607606887818,
                                                    "z":  -0.5408412218093872
                                                },
                                   "rotation":  {
                                                    "x":  0.0,
                                                    "y":  0.0,
                                                    "z":  0.0,
                                                    "w":  0.0
                                                }
                               }
                  },
                  {
                      "joint":  "Wrist",
                      "pose":  {
                                   "position":  {
                                                    "x":  0.06179157271981239,
                                                    "y":  -0.15333214402198792,
                                                    "z":  -0.0469515398144722
                                                },
                                   "rotation":  {
                                                    "x":  -0.5501163005828857,
                                                    "y":  -0.11712269484996796,
                                                    "z":  0.001836930401623249,
                                                    "w":  0.8265576958656311
                                                }
                               }
                  },
                  {
                      "joint":  "Palm",
                      "pose":  {
                                   "position":  {
                                                    "x":  0.05801215022802353,
                                                    "y":  -0.1058567613363266,
                                                    "z":  -0.02556976117193699
                                                },
                                   "rotation":  {
                                                    "x":  -0.5501163005828857,
                                                    "y":  -0.11712269484996796,
                                                    "z":  0.001836930401623249,
                                                    "w":  0.8265576958656311
                                                }
                               }
                  },
                  {
                      "joint":  "ThumbMetacarpalJoint",
                      "pose":  {
                                   "position":  {
                                                    "x":  0.03695414960384369,
                                                    "y":  -0.1407443881034851,
                                                    "z":  -0.03328647091984749
                                                },
                                   "rotation":  {
                                                    "x":  -0.5855690240859985,
                                                    "y":  -0.10429229587316513,
                                                    "z":  0.5890942811965942,
                                                    "w":  0.547493577003479
                                                }
                               }
                  },
                  {
                      "joint":  "ThumbProximalJoint",
                      "pose":  {
                                   "position":  {
                                                    "x":  0.00045104348100721836,
                                                    "y":  -0.11720659583806992,
                                                    "z":  -0.01997363194823265
                                                },
                                   "rotation":  {
                                                    "x":  -0.5386121273040772,
                                                    "y":  0.04485885053873062,
                                                    "z":  0.5422580242156982,
                                                    "w":  0.6437124609947205
                                                }
                               }
                  },
                  {
                      "joint":  "ThumbDistalJoint",
                      "pose":  {
                                   "position":  {
                                                    "x":  -0.016296127811074258,
                                                    "y":  -0.09359179437160492,
                                                    "z":  -0.006718119606375694
                                                },
                                   "rotation":  {
                                                    "x":  -0.6040476560592651,
                                                    "y":  -0.08891747146844864,
                                                    "z":  0.5752687454223633,
                                                    "w":  0.5448194742202759
                                                }
                               }
                  },
                  {
                      "joint":  "ThumbTip",
                      "pose":  {
                                   "position":  {
                                                    "x":  -0.03216664865612984,
                                                    "y":  -0.08244754374027252,
                                                    "z":  -0.001603197306394577
                                                },
                                   "rotation":  {
                                                    "x":  -0.6040476560592651,
                                                    "y":  -0.08891747146844864,
                                                    "z":  0.5752687454223633,
                                                    "w":  0.5448194742202759
                                                }
                               }
                  },
                  {
                      "joint":  "IndexMetacarpal",
                      "pose":  {
                                   "position":  {
                                                    "x":  0.04794362187385559,
                                                    "y":  -0.13700048625469209,
                                                    "z":  -0.03438100963830948
                                                },
                                   "rotation":  {
                                                    "x":  -0.534980297088623,
                                                    "y":  -0.28449201583862307,
                                                    "z":  -0.061086010187864307,
                                                    "w":  0.7931764721870422
                                                }
                               }
                  },
                  {
                      "joint":  "IndexKnuckle",
                      "pose":  {
                                   "position":  {
                                                    "x":  0.023209279403090478,
                                                    "y":  -0.08038382232189179,
                                                    "z":  -0.017351558431982995
                                                },
                                   "rotation":  {
                                                    "x":  -0.599485456943512,
                                                    "y":  -0.1474478840827942,
                                                    "z":  0.04840812832117081,
                                                    "w":  0.7852058410644531
                                                }
                               }
                  },
                  {
                      "joint":  "IndexMiddleJoint",
                      "pose":  {
                                   "position":  {
                                                    "x":  0.009743190370500088,
                                                    "y":  -0.03727291524410248,
                                                    "z":  -0.006295463070273399
                                                },
                                   "rotation":  {
                                                    "x":  -0.6344203948974609,
                                                    "y":  -0.08629350364208222,
                                                    "z":  0.11939872056245804,
                                                    "w":  0.7588865756988525
                                                }
                               }
                  },
                  {
                      "joint":  "IndexDistalJoint",
                      "pose":  {
                                   "position":  {
                                                    "x":  0.0026917937211692335,
                                                    "y":  -0.013759316876530648,
                                                    "z":  -0.0017971978522837163
                                                },
                                   "rotation":  {
                                                    "x":  -0.6451734304428101,
                                                    "y":  -0.12336783856153488,
                                                    "z":  0.00809548981487751,
                                                    "w":  0.7542511224746704
                                                }
                               }
                  },
                  {
                      "joint":  "IndexTip",
                      "pose":  {
                                   "position":  {
                                                    "x":  -0.0002534952946007252,
                                                    "y":  0.0007631087210029364,
                                                    "z":  0.0002575620310381055
                                                },
                                   "rotation":  {
                                                    "x":  -0.6451734304428101,
                                                    "y":  -0.12336783856153488,
                                                    "z":  0.00809548981487751,
                                                    "w":  0.7542511224746704
                                                }
                               }
                  },
                  {
                      "joint":  "MiddleMetacarpal",
                      "pose":  {
                                   "position":  {
                                                    "x":  0.056570135056972507,
                                                    "y":  -0.13634957373142243,
                                                    "z":  -0.03486650064587593
                                                },
                                   "rotation":  {
                                                    "x":  -0.6017327308654785,
                                                    "y":  -0.1049300879240036,
                                                    "z":  0.008752312511205674,
                                                    "w":  0.7917264699935913
                                                }
                               }
                  },
                  {
                      "joint":  "MiddleKnuckle",
                      "pose":  {
                                   "position":  {
                                                    "x":  0.045069482177495959,
                                                    "y":  -0.07444917410612107,
                                                    "z":  -0.018345370888710023
                                                },
                                   "rotation":  {
                                                    "x":  -0.5885983109474182,
                                                    "y":  -0.10035836696624756,
                                                    "z":  0.025189023464918138,
                                                    "w":  0.8017893433570862
                                                }
                               }
                  },
                  {
                      "joint":  "MiddleMiddleJoint",
                      "pose":  {
                                   "position":  {
                                                    "x":  0.035030756145715716,
                                                    "y":  -0.025001518428325654,
                                                    "z":  -0.0032290546223521234
                                                },
                                   "rotation":  {
                                                    "x":  -0.6631931662559509,
                                                    "y":  -0.09005288034677506,
                                                    "z":  -0.0027521485462784769,
                                                    "w":  0.7431085109710693
                                                }
                               }
                  },
                  {
                      "joint":  "MiddleDistalJoint",
                      "pose":  {
                                   "position":  {
                                                    "x":  0.031546302139759067,
                                                    "y":  0.0013798222644254566,
                                                    "z":  -0.0004363078624010086
                                                },
                                   "rotation":  {
                                                    "x":  -0.6468731164932251,
                                                    "y":  -0.11953263729810715,
                                                    "z":  -0.06937266886234284,
                                                    "w":  0.7504633665084839
                                                }
                               }
                  },
                  {
                      "joint":  "MiddleTip",
                      "pose":  {
                                   "position":  {
                                                    "x":  0.030048875138163568,
                                                    "y":  0.017790958285331727,
                                                    "z":  0.0018172836862504483
                                                },
                                   "rotation":  {
                                                    "x":  -0.6468731164932251,
                                                    "y":  -0.11953263729810715,
                                                    "z":  -0.06937266886234284,
                                                    "w":  0.7504633665084839
                                                }
                               }
                  },
                  {
                      "joint":  "RingMetacarpal",
                      "pose":  {
                                   "position":  {
                                                    "x":  0.06806596368551254,
                                                    "y":  -0.13525664806365968,
                                                    "z":  -0.034837257117033008
                                                },
                                   "rotation":  {
                                                    "x":  -0.5803540945053101,
                                                    "y":  0.014031633734703064,
                                                    "z":  0.05480925738811493,
                                                    "w":  0.8123965859413147
                                                }
                               }
                  },
                  {
                      "joint":  "RingKnuckle",
                      "pose":  {
                                   "position":  {
                                                    "x":  0.06544187664985657,
                                                    "y":  -0.07453925907611847,
                                                    "z":  -0.013881120830774308
                                                },
                                   "rotation":  {
                                                    "x":  -0.6466344594955444,
                                                    "y":  -0.03600946068763733,
                                                    "z":  0.02467469871044159,
                                                    "w":  0.7615609765052795
                                                }
                               }
                  },
                  {
                      "joint":  "RingMiddleJoint",
                      "pose":  {
                                   "position":  {
                                                    "x":  0.06159381568431854,
                                                    "y":  -0.03093438223004341,
                                                    "z":  -0.006733019836246967
                                                },
                                   "rotation":  {
                                                    "x":  -0.6550348401069641,
                                                    "y":  -0.06099399924278259,
                                                    "z":  -0.04121965169906616,
                                                    "w":  0.7520787715911865
                                                }
                               }
                  },
                  {
                      "joint":  "RingDistalJoint",
                      "pose":  {
                                   "position":  {
                                                    "x":  0.06070023775100708,
                                                    "y":  -0.007464663125574589,
                                                    "z":  -0.003544492181390524
                                                },
                                   "rotation":  {
                                                    "x":  -0.6712727546691895,
                                                    "y":  -0.05777180939912796,
                                                    "z":  -0.05727298930287361,
                                                    "w":  0.7370488047599793
                                                }
                               }
                  },
                  {
                      "joint":  "RingTip",
                      "pose":  {
                                   "position":  {
                                                    "x":  0.060552775859832767,
                                                    "y":  0.010114867240190506,
                                                    "z":  -0.0019072332652285696
                                                },
                                   "rotation":  {
                                                    "x":  -0.6712727546691895,
                                                    "y":  -0.05777180939912796,
                                                    "z":  -0.05727298930287361,
                                                    "w":  0.7370488047599793
                                                }
                               }
                  },
                  {
                      "joint":  "PinkyMetacarpal",
                      "pose":  {
                                   "position":  {
                                                    "x":  0.07710164040327072,
                                                    "y":  -0.13650110363960267,
                                                    "z":  -0.032643478363752368
                                                },
                                   "rotation":  {
                                                    "x":  -0.5344982147216797,
                                                    "y":  0.1545339822769165,
                                                    "z":  0.10820292681455612,
                                                    "w":  0.8238464593887329
                                                }
                               }
                  },
                  {
                      "joint":  "PinkyKnuckle",
                      "pose":  {
                                   "position":  {
                                                    "x":  0.08530370891094208,
                                                    "y":  -0.08254323154687882,
                                                    "z":  -0.010162543505430222
                                                },
                                   "rotation":  {
                                                    "x":  -0.6702333688735962,
                                                    "y":  0.05704934149980545,
                                                    "z":  0.006686835549771786,
                                                    "w":  0.7399358749389648
                                                }
                               }
                  },
                  {
                      "joint":  "PinkyMiddleJoint",
                      "pose":  {
                                   "position":  {
                                                    "x":  0.08779342472553253,
                                                    "y":  -0.049793362617492679,
                                                    "z":  -0.0070251524448394779
                                                },
                                   "rotation":  {
                                                    "x":  -0.6393072605133057,
                                                    "y":  0.030266048386693,
                                                    "z":  -0.15569603443145753,
                                                    "w":  0.7524937987327576
                                                }
                               }
                  },
                  {
                      "joint":  "PinkyDistalJoint",
                      "pose":  {
                                   "position":  {
                                                    "x":  0.09219621121883393,
                                                    "y":  -0.03264733776450157,
                                                    "z":  -0.0037694787606596948
                                                },
                                   "rotation":  {
                                                    "x":  -0.6555882692337036,
                                                    "y":  -0.0018634665757417679,
                                                    "z":  -0.09289215505123139,
                                                    "w":  0.7497090101242065
                                                }
                               }
                  },
                  {
                      "joint":  "PinkyTip",
                      "pose":  {
                                   "position":  {
                                                    "x":  0.09392204880714417,
                                                    "y":  -0.018381092697381974,
                                                    "z":  -0.0017222119495272637
                                                },
                                   "rotation":  {
                                                    "x":  -0.6555882692337036,
                                                    "y":  -0.0018634665757417679,
                                                    "z":  -0.09289215505123139,
                                                    "w":  0.7497090101242065
                                                }
                               }
                  }
              ]
}
