{
    "items":  [
                  {
                      "joint":  "None",
                      "pose":  {
                                   "position":  {
                                                    "x":  -0.0780251994729042,
                                                    "y":  -0.05990780144929886,
                                                    "z":  -0.3291178047657013
                                                },
                                   "rotation":  {
                                                    "x":  0.0,
                                                    "y":  0.0,
                                                    "z":  0.0,
                                                    "w":  0.0
                                                }
                               }
                  },
                  {
                      "joint":  "Wrist",
                      "pose":  {
                                   "position":  {
                                                    "x":  0.07397598028182984,
                                                    "y":  -0.1239677220582962,
                                                    "z":  -0.05636374652385712
                                                },
                                   "rotation":  {
                                                    "x":  -0.5306746959686279,
                                                    "y":  -0.24036270380020142,
                                                    "z":  -0.0010364949703216553,
                                                    "w":  0.8126773834228516
                                                }
                               }
                  },
                  {
                      "joint":  "Palm",
                      "pose":  {
                                   "position":  {
                                                    "x":  0.06148417666554451,
                                                    "y":  -0.08249785006046295,
                                                    "z":  -0.04003134369850159
                                                },
                                   "rotation":  {
                                                    "x":  -0.5306746959686279,
                                                    "y":  -0.24036270380020142,
                                                    "z":  -0.0010364949703216553,
                                                    "w":  0.8126773834228516
                                                }
                               }
                  },
                  {
                      "joint":  "ThumbMetacarpalJoint",
                      "pose":  {
                                   "position":  {
                                                    "x":  0.05004027485847473,
                                                    "y":  -0.1168040931224823,
                                                    "z":  -0.046657364815473559
                                                },
                                   "rotation":  {
                                                    "x":  -0.5606539249420166,
                                                    "y":  -0.098196841776371,
                                                    "z":  0.670694887638092,
                                                    "w":  0.4761941432952881
                                                }
                               }
                  },
                  {
                      "joint":  "ThumbProximalJoint",
                      "pose":  {
                                   "position":  {
                                                    "x":  0.014790681190788746,
                                                    "y":  -0.1000247374176979,
                                                    "z":  -0.031946491450071338
                                                },
                                   "rotation":  {
                                                    "x":  -0.5155644416809082,
                                                    "y":  -0.0010041594505310059,
                                                    "z":  0.6619959473609924,
                                                    "w":  0.5445378422737122
                                                }
                               }
                  },
                  {
                      "joint":  "ThumbDistalJoint",
                      "pose":  {
                                   "position":  {
                                                    "x":  -0.0062080565840005878,
                                                    "y":  -0.0828109011054039,
                                                    "z":  -0.01753186620771885
                                                },
                                   "rotation":  {
                                                    "x":  -0.5490170121192932,
                                                    "y":  -0.08343470841646195,
                                                    "z":  0.6728134751319885,
                                                    "w":  0.48939600586891177
                                                }
                               }
                  },
                  {
                      "joint":  "ThumbTip",
                      "pose":  {
                                   "position":  {
                                                    "x":  -0.02095535211265087,
                                                    "y":  -0.07516473531723023,
                                                    "z":  -0.010627731680870057
                                                },
                                   "rotation":  {
                                                    "x":  -0.5490170121192932,
                                                    "y":  -0.08343470841646195,
                                                    "z":  0.6728134751319885,
                                                    "w":  0.48939600586891177
                                                }
                               }
                  },
                  {
                      "joint":  "IndexMetacarpal",
                      "pose":  {
                                   "position":  {
                                                    "x":  0.058891069144010547,
                                                    "y":  -0.11150021106004715,
                                                    "z":  -0.047359079122543338
                                                },
                                   "rotation":  {
                                                    "x":  -0.5242606997489929,
                                                    "y":  -0.3638727068901062,
                                                    "z":  0.0003723353147506714,
                                                    "w":  0.7699006795883179
                                                }
                               }
                  },
                  {
                      "joint":  "IndexKnuckle",
                      "pose":  {
                                   "position":  {
                                                    "x":  0.025922514498233796,
                                                    "y":  -0.06404880434274674,
                                                    "z":  -0.036451879888772967
                                                },
                                   "rotation":  {
                                                    "x":  -0.5153175592422485,
                                                    "y":  -0.13684964179992677,
                                                    "z":  0.0975230410695076,
                                                    "w":  0.840372622013092
                                                }
                               }
                  },
                  {
                      "joint":  "IndexMiddleJoint",
                      "pose":  {
                                   "position":  {
                                                    "x":  0.012116845697164536,
                                                    "y":  -0.028988275676965715,
                                                    "z":  -0.0184309259057045
                                                },
                                   "rotation":  {
                                                    "x":  -0.5083625912666321,
                                                    "y":  -0.08690404891967774,
                                                    "z":  0.1772240400314331,
                                                    "w":  0.8382880687713623
                                                }
                               }
                  },
                  {
                      "joint":  "IndexDistalJoint",
                      "pose":  {
                                   "position":  {
                                                    "x":  0.0047910469584167,
                                                    "y":  -0.01052884478121996,
                                                    "z":  -0.007911253720521927
                                                },
                                   "rotation":  {
                                                    "x":  -0.4986042380332947,
                                                    "y":  -0.10437075048685074,
                                                    "z":  0.07316453754901886,
                                                    "w":  0.8577484488487244
                                                }
                               }
                  },
                  {
                      "joint":  "IndexTip",
                      "pose":  {
                                   "position":  {
                                                    "x":  0.0011067038867622614,
                                                    "y":  0.0017288230592384935,
                                                    "z":  -0.0008905145805329084
                                                },
                                   "rotation":  {
                                                    "x":  -0.4986042380332947,
                                                    "y":  -0.10437075048685074,
                                                    "z":  0.07316453754901886,
                                                    "w":  0.8577484488487244
                                                }
                               }
                  },
                  {
                      "joint":  "MiddleMetacarpal",
                      "pose":  {
                                   "position":  {
                                                    "x":  0.06627093255519867,
                                                    "y":  -0.1093648374080658,
                                                    "z":  -0.04731958359479904
                                                },
                                   "rotation":  {
                                                    "x":  -0.5980523824691773,
                                                    "y":  -0.19373856484889985,
                                                    "z":  0.061999037861824039,
                                                    "w":  0.7752125859260559
                                                }
                               }
                  },
                  {
                      "joint":  "MiddleKnuckle",
                      "pose":  {
                                   "position":  {
                                                    "x":  0.04579643905162811,
                                                    "y":  -0.05998942255973816,
                                                    "z":  -0.035861626267433169
                                                },
                                   "rotation":  {
                                                    "x":  0.07707051932811737,
                                                    "y":  0.09493987262248993,
                                                    "z":  -0.06967925280332566,
                                                    "w":  -0.9900561571121216
                                                }
                               }
                  },
                  {
                      "joint":  "MiddleMiddleJoint",
                      "pose":  {
                                   "position":  {
                                                    "x":  0.03759719431400299,
                                                    "y":  -0.054239436984062198,
                                                    "z":  0.004158938303589821
                                                },
                                   "rotation":  {
                                                    "x":  -0.5364435911178589,
                                                    "y":  0.035090312361717227,
                                                    "z":  -0.1292860358953476,
                                                    "w":  -0.8333183526992798
                                                }
                               }
                  },
                  {
                      "joint":  "MiddleDistalJoint",
                      "pose":  {
                                   "position":  {
                                                    "x":  0.039636775851249698,
                                                    "y":  -0.07725092768669129,
                                                    "z":  0.014920881018042565
                                                },
                                   "rotation":  {
                                                    "x":  -0.7898687720298767,
                                                    "y":  -0.05351902171969414,
                                                    "z":  -0.050689004361629489,
                                                    "w":  -0.6095116138458252
                                                }
                               }
                  },
                  {
                      "joint":  "MiddleTip",
                      "pose":  {
                                   "position":  {
                                                    "x":  0.04198702797293663,
                                                    "y":  -0.09284322708845139,
                                                    "z":  0.010831182822585106
                                                },
                                   "rotation":  {
                                                    "x":  -0.7898687720298767,
                                                    "y":  -0.05351902171969414,
                                                    "z":  -0.050689004361629489,
                                                    "w":  -0.6095116138458252
                                                }
                               }
                  },
                  {
                      "joint":  "RingMetacarpal",
                      "pose":  {
                                   "position":  {
                                                    "x":  0.07596171647310257,
                                                    "y":  -0.10612225532531738,
                                                    "z":  -0.04667811840772629
                                                },
                                   "rotation":  {
                                                    "x":  -0.5675100088119507,
                                                    "y":  -0.08019199222326279,
                                                    "z":  0.10617346316576004,
                                                    "w":  0.8125444054603577
                                                }
                               }
                  },
                  {
                      "joint":  "RingKnuckle",
                      "pose":  {
                                   "position":  {
                                                    "x":  0.06377431005239487,
                                                    "y":  -0.06213853880763054,
                                                    "z":  -0.030012063682079316
                                                },
                                   "rotation":  {
                                                    "x":  -0.03975258022546768,
                                                    "y":  0.09559198468923569,
                                                    "z":  -0.024301081895828248,
                                                    "w":  -0.9943375587463379
                                                }
                               }
                  },
                  {
                      "joint":  "RingMiddleJoint",
                      "pose":  {
                                   "position":  {
                                                    "x":  0.056988153606653216,
                                                    "y":  -0.06515654176473618,
                                                    "z":  0.005276134237647057
                                                },
                                   "rotation":  {
                                                    "x":  -0.7588484287261963,
                                                    "y":  0.0701710507273674,
                                                    "z":  -0.045488141477108,
                                                    "w":  -0.6459669470787048
                                                }
                               }
                  },
                  {
                      "joint":  "RingDistalJoint",
                      "pose":  {
                                   "position":  {
                                                    "x":  0.05652663856744766,
                                                    "y":  -0.08611556887626648,
                                                    "z":  0.0018516592681407929
                                                },
                                   "rotation":  {
                                                    "x":  -0.9129649996757507,
                                                    "y":  -0.005179869011044502,
                                                    "z":  -0.007560268044471741,
                                                    "w":  -0.408629447221756
                                                }
                               }
                  },
                  {
                      "joint":  "RingTip",
                      "pose":  {
                                   "position":  {
                                                    "x":  0.056841082870960239,
                                                    "y":  -0.09943331778049469,
                                                    "z":  -0.010053567588329316
                                                },
                                   "rotation":  {
                                                    "x":  -0.9129649996757507,
                                                    "y":  -0.005179869011044502,
                                                    "z":  -0.007560268044471741,
                                                    "w":  -0.408629447221756
                                                }
                               }
                  },
                  {
                      "joint":  "PinkyMetacarpal",
                      "pose":  {
                                   "position":  {
                                                    "x":  0.08423660695552826,
                                                    "y":  -0.10567539930343628,
                                                    "z":  -0.044220417737960818
                                                },
                                   "rotation":  {
                                                    "x":  -0.5077040791511536,
                                                    "y":  0.04072892665863037,
                                                    "z":  0.1517779380083084,
                                                    "w":  0.8470779657363892
                                                }
                               }
                  },
                  {
                      "joint":  "PinkyKnuckle",
                      "pose":  {
                                   "position":  {
                                                    "x":  0.0801829993724823,
                                                    "y":  -0.06412312388420105,
                                                    "z":  -0.021305494010448457
                                                },
                                   "rotation":  {
                                                    "x":  -0.08299122005701065,
                                                    "y":  0.1249239444732666,
                                                    "z":  0.04155319184064865,
                                                    "w":  -0.9878235459327698
                                                }
                               }
                  },
                  {
                      "joint":  "PinkyMiddleJoint",
                      "pose":  {
                                   "position":  {
                                                    "x":  0.07411551475524903,
                                                    "y":  -0.0677957683801651,
                                                    "z":  0.0015332028269767762
                                                },
                                   "rotation":  {
                                                    "x":  -0.715654730796814,
                                                    "y":  0.1371033787727356,
                                                    "z":  0.001321159303188324,
                                                    "w":  -0.6849520206451416
                                                }
                               }
                  },
                  {
                      "joint":  "PinkyDistalJoint",
                      "pose":  {
                                   "position":  {
                                                    "x":  0.07075578719377518,
                                                    "y":  -0.08515383303165436,
                                                    "z":  0.00044181570410728455
                                                },
                                   "rotation":  {
                                                    "x":  -0.8999292254447937,
                                                    "y":  0.06855495274066925,
                                                    "z":  0.11455988883972168,
                                                    "w":  -0.41592133045196535
                                                }
                               }
                  },
                  {
                      "joint":  "PinkyTip",
                      "pose":  {
                                   "position":  {
                                                    "x":  0.0670883059501648,
                                                    "y":  -0.09537018835544586,
                                                    "z":  -0.008319821208715439
                                                },
                                   "rotation":  {
                                                    "x":  -0.8999292254447937,
                                                    "y":  0.06855495274066925,
                                                    "z":  0.11455988883972168,
                                                    "w":  -0.41592133045196535
                                                }
                               }
                  }
              ]
}
