{
    "items":  [
                  {
                      "joint":  "None",
                      "pose":  {
                                   "position":  {
                                                    "x":  -0.08690944314002991,
                                                    "y":  0.013536587357521057,
                                                    "z":  -0.3781388998031616
                                                },
                                   "rotation":  {
                                                    "x":  0.0,
                                                    "y":  0.0,
                                                    "z":  0.0,
                                                    "w":  0.0
                                                }
                               }
                  },
                  {
                      "joint":  "Wrist",
                      "pose":  {
                                   "position":  {
                                                    "x":  0.059647563844919208,
                                                    "y":  -0.018170714378356935,
                                                    "z":  -0.07320141047239304
                                                },
                                   "rotation":  {
                                                    "x":  -0.44069746136665347,
                                                    "y":  -0.3151600956916809,
                                                    "z":  -0.029152734205126764,
                                                    "w":  0.8398429155349731
                                                }
                               }
                  },
                  {
                      "joint":  "Palm",
                      "pose":  {
                                   "position":  {
                                                    "x":  0.040150947868824008,
                                                    "y":  0.022433746606111528,
                                                    "z":  -0.04928050562739372
                                                },
                                   "rotation":  {
                                                    "x":  -0.44069746136665347,
                                                    "y":  -0.3151600956916809,
                                                    "z":  -0.029152734205126764,
                                                    "w":  0.8398429155349731
                                                }
                               }
                  },
                  {
                      "joint":  "ThumbMetacarpalJoint",
                      "pose":  {
                                   "position":  {
                                                    "x":  0.033823080360889438,
                                                    "y":  -0.014000600203871727,
                                                    "z":  -0.06483504176139832
                                                },
                                   "rotation":  {
                                                    "x":  0.46251192688941958,
                                                    "y":  0.15892137587070466,
                                                    "z":  -0.748396635055542,
                                                    "w":  -0.44902268052101138
                                                }
                               }
                  },
                  {
                      "joint":  "ThumbProximalJoint",
                      "pose":  {
                                   "position":  {
                                                    "x":  -0.0048112208023667339,
                                                    "y":  -0.005827075336128473,
                                                    "z":  -0.04063580185174942
                                                },
                                   "rotation":  {
                                                    "x":  0.32614850997924807,
                                                    "y":  -0.017511412501335145,
                                                    "z":  -0.7735356688499451,
                                                    "w":  -0.5439797639846802
                                                }
                               }
                  },
                  {
                      "joint":  "ThumbDistalJoint",
                      "pose":  {
                                   "position":  {
                                                    "x":  -0.02188277430832386,
                                                    "y":  0.0075818500481545929,
                                                    "z":  -0.01290540024638176
                                                },
                                   "rotation":  {
                                                    "x":  0.22856087982654572,
                                                    "y":  -0.09300848096609116,
                                                    "z":  -0.7769821286201477,
                                                    "w":  -0.5795565247535706
                                                }
                               }
                  },
                  {
                      "joint":  "ThumbTip",
                      "pose":  {
                                   "position":  {
                                                    "x":  -0.026505667716264726,
                                                    "y":  0.015197398141026497,
                                                    "z":  0.0034610535949468614
                                                },
                                   "rotation":  {
                                                    "x":  0.22856087982654572,
                                                    "y":  -0.09300848096609116,
                                                    "z":  -0.7769821286201477,
                                                    "w":  -0.5795565247535706
                                                }
                               }
                  },
                  {
                      "joint":  "IndexMetacarpal",
                      "pose":  {
                                   "position":  {
                                                    "x":  0.04238410294055939,
                                                    "y":  -0.007463002577424049,
                                                    "z":  -0.06319385766983032
                                                },
                                   "rotation":  {
                                                    "x":  -0.420803427696228,
                                                    "y":  -0.44982725381851199,
                                                    "z":  -0.04907778277993202,
                                                    "w":  0.7862387895584106
                                                }
                               }
                  },
                  {
                      "joint":  "IndexKnuckle",
                      "pose":  {
                                   "position":  {
                                                    "x":  -0.0008817678317427635,
                                                    "y":  0.03838954120874405,
                                                    "z":  -0.04752813279628754
                                                },
                                   "rotation":  {
                                                    "x":  0.004830620251595974,
                                                    "y":  0.18448397517204286,
                                                    "z":  -0.1560613363981247,
                                                    "w":  -0.9703620672225952
                                                }
                               }
                  },
                  {
                      "joint":  "IndexMiddleJoint",
                      "pose":  {
                                   "position":  {
                                                    "x":  -0.014839660376310349,
                                                    "y":  0.03651837632060051,
                                                    "z":  -0.01135229505598545
                                                },
                                   "rotation":  {
                                                    "x":  -0.5098936557769775,
                                                    "y":  0.03039226494729519,
                                                    "z":  -0.30394697189331057,
                                                    "w":  -0.8042332530021668
                                                }
                               }
                  },
                  {
                      "joint":  "IndexDistalJoint",
                      "pose":  {
                                   "position":  {
                                                    "x":  -0.008270945399999619,
                                                    "y":  0.015406630001962185,
                                                    "z":  0.0006891884841024876
                                                },
                                   "rotation":  {
                                                    "x":  -0.7222777009010315,
                                                    "y":  -0.08202659338712692,
                                                    "z":  -0.2391108274459839,
                                                    "w":  -0.6440979242324829
                                                }
                               }
                  },
                  {
                      "joint":  "IndexTip",
                      "pose":  {
                                   "position":  {
                                                    "x":  -0.0009594520088285208,
                                                    "y":  0.000933439121581614,
                                                    "z":  -0.00021468542399816215
                                                },
                                   "rotation":  {
                                                    "x":  -0.7222777009010315,
                                                    "y":  -0.08202659338712692,
                                                    "z":  -0.2391108274459839,
                                                    "w":  -0.6440979242324829
                                                }
                               }
                  },
                  {
                      "joint":  "MiddleMetacarpal",
                      "pose":  {
                                   "position":  {
                                                    "x":  0.04958740621805191,
                                                    "y":  -0.004707379266619682,
                                                    "z":  -0.06129273772239685
                                                },
                                   "rotation":  {
                                                    "x":  -0.5128890872001648,
                                                    "y":  -0.29369285702705386,
                                                    "z":  0.018453821539878846,
                                                    "w":  0.8064419627189636
                                                }
                               }
                  },
                  {
                      "joint":  "MiddleKnuckle",
                      "pose":  {
                                   "position":  {
                                                    "x":  0.020074930042028428,
                                                    "y":  0.04420189931988716,
                                                    "z":  -0.04323747381567955
                                                },
                                   "rotation":  {
                                                    "x":  -0.07308150827884674,
                                                    "y":  0.17278942465782166,
                                                    "z":  -0.10241489112377167,
                                                    "w":  -0.9769001603126526
                                                }
                               }
                  },
                  {
                      "joint":  "MiddleMiddleJoint",
                      "pose":  {
                                   "position":  {
                                                    "x":  0.005748542491346598,
                                                    "y":  0.0362907275557518,
                                                    "z":  -0.001959702931344509
                                                },
                                   "rotation":  {
                                                    "x":  -0.7482351660728455,
                                                    "y":  0.06403420120477677,
                                                    "z":  -0.2061866670846939,
                                                    "w":  -0.6274414658546448
                                                }
                               }
                  },
                  {
                      "joint":  "MiddleDistalJoint",
                      "pose":  {
                                   "position":  {
                                                    "x":  0.012452101334929467,
                                                    "y":  0.007901951670646668,
                                                    "z":  -0.0057104239240288738
                                                },
                                   "rotation":  {
                                                    "x":  -0.9225407838821411,
                                                    "y":  -0.07818678766489029,
                                                    "z":  -0.1428528130054474,
                                                    "w":  -0.3514384627342224
                                                }
                               }
                  },
                  {
                      "joint":  "MiddleTip",
                      "pose":  {
                                   "position":  {
                                                    "x":  0.01802952028810978,
                                                    "y":  -0.003061514813452959,
                                                    "z":  -0.01820256933569908
                                                },
                                   "rotation":  {
                                                    "x":  -0.9225407838821411,
                                                    "y":  -0.07818678766489029,
                                                    "z":  -0.1428528130054474,
                                                    "w":  -0.3514384627342224
                                                }
                               }
                  },
                  {
                      "joint":  "RingMetacarpal",
                      "pose":  {
                                   "position":  {
                                                    "x":  0.05912885442376137,
                                                    "y":  -0.0009383354336023331,
                                                    "z":  -0.05809984356164932
                                                },
                                   "rotation":  {
                                                    "x":  -0.49521127343177798,
                                                    "y":  -0.17924758791923524,
                                                    "z":  0.07874160259962082,
                                                    "w":  0.846425473690033
                                                }
                               }
                  },
                  {
                      "joint":  "RingKnuckle",
                      "pose":  {
                                   "position":  {
                                                    "x":  0.038666337728500369,
                                                    "y":  0.04252086579799652,
                                                    "z":  -0.03421220928430557
                                                },
                                   "rotation":  {
                                                    "x":  -0.1513676941394806,
                                                    "y":  0.15960678458213807,
                                                    "z":  -0.05129222199320793,
                                                    "w":  -0.9741657376289368
                                                }
                               }
                  },
                  {
                      "joint":  "RingMiddleJoint",
                      "pose":  {
                                   "position":  {
                                                    "x":  0.02693704515695572,
                                                    "y":  0.030163494870066644,
                                                    "z":  0.0016453623538836837
                                                },
                                   "rotation":  {
                                                    "x":  -0.8552912473678589,
                                                    "y":  0.0920121893286705,
                                                    "z":  -0.11032526195049286,
                                                    "w":  -0.4979609251022339
                                                }
                               }
                  },
                  {
                      "joint":  "RingDistalJoint",
                      "pose":  {
                                   "position":  {
                                                    "x":  0.029263043776154519,
                                                    "y":  0.009234108030796051,
                                                    "z":  -0.009864533320069313
                                                },
                                   "rotation":  {
                                                    "x":  -0.9685380458831787,
                                                    "y":  -0.018125316128134729,
                                                    "z":  -0.094183549284935,
                                                    "w":  -0.23075833916664124
                                                }
                               }
                  },
                  {
                      "joint":  "RingTip",
                      "pose":  {
                                   "position":  {
                                                    "x":  0.032915160059928897,
                                                    "y":  0.0007288604974746704,
                                                    "z":  -0.02667597308754921
                                                },
                                   "rotation":  {
                                                    "x":  -0.9685380458831787,
                                                    "y":  -0.018125316128134729,
                                                    "z":  -0.094183549284935,
                                                    "w":  -0.23075833916664124
                                                }
                               }
                  },
                  {
                      "joint":  "PinkyMetacarpal",
                      "pose":  {
                                   "position":  {
                                                    "x":  0.0675557404756546,
                                                    "y":  -0.0004099104553461075,
                                                    "z":  -0.05376683175563812
                                                },
                                   "rotation":  {
                                                    "x":  -0.44121748208999636,
                                                    "y":  -0.05341072380542755,
                                                    "z":  0.14569664001464845,
                                                    "w":  0.8838818073272705
                                                }
                               }
                  },
                  {
                      "joint":  "PinkyKnuckle",
                      "pose":  {
                                   "position":  {
                                                    "x":  0.05575947463512421,
                                                    "y":  0.04002845287322998,
                                                    "z":  -0.02176406979560852
                                                },
                                   "rotation":  {
                                                    "x":  -0.2122899889945984,
                                                    "y":  0.1802181601524353,
                                                    "z":  0.03122050315141678,
                                                    "w":  -0.959945559501648
                                                }
                               }
                  },
                  {
                      "joint":  "PinkyMiddleJoint",
                      "pose":  {
                                   "position":  {
                                                    "x":  0.046450983732938769,
                                                    "y":  0.029760107398033143,
                                                    "z":  0.0001273825764656067
                                                },
                                   "rotation":  {
                                                    "x":  -0.8192430138587952,
                                                    "y":  0.16303858160972596,
                                                    "z":  -0.0602981373667717,
                                                    "w":  -0.5465834140777588
                                                }
                               }
                  },
                  {
                      "joint":  "PinkyDistalJoint",
                      "pose":  {
                                   "position":  {
                                                    "x":  0.044868819415569308,
                                                    "y":  0.011532457545399666,
                                                    "z":  -0.007741663604974747
                                                },
                                   "rotation":  {
                                                    "x":  -0.9710148572921753,
                                                    "y":  0.04234015569090843,
                                                    "z":  0.042903631925582889,
                                                    "w":  -0.23259779810905457
                                                }
                               }
                  },
                  {
                      "joint":  "PinkyTip",
                      "pose":  {
                                   "position":  {
                                                    "x":  0.04328276216983795,
                                                    "y":  0.004625056870281696,
                                                    "z":  -0.0214386023581028
                                                },
                                   "rotation":  {
                                                    "x":  -0.9710148572921753,
                                                    "y":  0.04234015569090843,
                                                    "z":  0.042903631925582889,
                                                    "w":  -0.23259779810905457
                                                }
                               }
                  }
              ]
}
